titulo,autor,precio_mxn
AGENDA DE SEGURIDAD SOCIAL 2026,Sin autor,440.0
CONSTITUCION POLITICA DE LOS ESTADOS UNIDOS MEXICANOS 2026: TITULADA (PROFESIONAL),Sin autor,160.0
RESICO 2026: ESTUDIO PRACTICO DEL REGIMEN SIMPLIFICADO DE CONFIANZA PARA PERSONAS FISICAS,Sin autor,690.0
CODIGO DE COMERCIO 2026 (ECONOMICO),Sin autor,275.0
CODIGO FINANCIERO DEL ESTADO DE MEXICO 2026,Sin autor,250.0
DIDACTICA MAGNA,Sin autor,150.0
LOS HERMANOS KARAMAZOV,Sin autor,490.0
TEMAS SELECTOS DE IGUALDAD Y DERECHOS HUMANOS 4 (NEM),Sin autor,270.0
HUACHICOL FISCAL: LA MADRE DE TODAS LAS ESTAFAS,Sin autor,389.0
CONSTITUCION POLITICA DE LOS ESTADOS UNIDOS MEXICANOS 2026,Sin autor,45.0
HUACHICOL FISCAL: EL GRAN ROBO DE MORENA,Sin autor,368.0
CODIGO NACIONAL DE PROCEDIMIENTOS CIVILES Y FAMILIARES 2026 (BOLSILLO),Sin autor,150.0
FRAGMENTOS,Sin autor,944.0
DESCUBRE EL MARAVILLOSO MUNDO DE LA ESPIRITUALIDAD,Sin autor,36.0
CRIMINOLOGIA,Sin autor,640.0
COMPENDIO DE DISPOSICIONES SOBRE COMERCIO EXTERIOR 2026 (ECONOMICO),Sin autor,1270.0
SISTEMAS OPERATIVOS: UNA VISION APLICADA (VOLUMEN 1),Sin autor,709.0
ARTE POETICA - ARTE RETORICA,Sin autor,160.0
QUE VIVA EL PULQUE,Sin autor,1572.0
CODIGO FISCAL DE LA FEDERACION 2026 CORRELACIONADO Y REGLAMENTO,Sin autor,345.0
AGENDA DE LOS EXTRANJEROS 2026,Sin autor,375.0
"CIENCIAS NATURALES, EXPERIMENTALES Y TECNOLOGIA 3 (NEM)",Sin autor,259.0
LENGUA Y COMUNICACION 3 (NEM),Sin autor,259.0
"CIENCIAS NATURALES, EXPERIMENTALES Y TECNOLOGIA 1 (NEM)",Sin autor,259.0
LENGUA Y COMUNICACION 1 (NEM),Sin autor,259.0
PENSAMIENTO MATEMATICO 1 (NEM),Sin autor,259.0
CODIGO FINANCIERO DEL ESTADO DE MEXICO 2026 (ECONOMICO),Sin autor,525.0
LA COSMOVISION DE LOS CHAMANES,Sin autor,199.0
"120 CASOS PRACTICOS FISCALES ISR, IVA E IMSS 2026",Sin autor,820.0
AGENDA PENAL DEL ESTADO DE MEXICO 2026,Sin autor,530.0
AGENDA CIVIL DEL ESTADO DE MEXICO 2026,Sin autor,495.0
RELATOS TUXTLECOS: FANDANGOS Y ENCANTAMIENTOS,Sin autor,300.0
HISTORIA ILUSTRADA DE LA INTERVENCION FRANCESA Y EL IMPERIO EN VERACRUZ 1861 - 1867,Sin autor,650.0
LEGISLACION AGRARIA 2026 (ESENCIAL),Sin autor,220.0
NI VENGANZA NI PERDON: UNA AMISTAD AL FILO DEL PODER,Sin autor,368.0
LEGISLACION DE AMPARO 2026 (ESENCIAL),Sin autor,240.0
LEGISLACION FEDERAL LABORAL 2026 (ESENCIAL),Sin autor,280.0
MISAL PARA NIÑOS 2026,Sin autor,115.0
LEGISLACION CIVIL Y FAMILIAR DE LA CIUDAD DE MEXICO 2026 (ESPECIALIZADA),Sin autor,480.0
LA DIVINA COMEDIA - LA VIDA NUEVA,Sin autor,265.0
LEGISLACION CIVIL Y FAMILIAR DEL ESTADO DE MEXICO 2026 (ESPECIALIZADA),Sin autor,480.0
DESARROLLO HUMANO,Sin autor,851.0
CONSTITUCION POLITICA DE LOS ESTADOS UNIDOS MEXICANOS 2026,Sin autor,99.0
AGENDA DE LA ADMINISTRACION PUBLICA DEL ESTADO DE MEXICO 2026,Sin autor,645.0
ESTADOS FINANCIEROS BASICOS: PROCESO DE ELABORACION Y REEXPRESION 2026,Sin autor,580.0
NORMAS DE INFORMACION FINANCIERA (NIF) ESTUDIANTIL 2026,Sin autor,810.0
NORMAS DE INFORMACION FINANCIERA (NIF) PROFESIONAL 2026,Sin autor,1670.0
EL METODO AGILE: LO QUE NECESITA SABER SOBRE GESTION DE PROYECTOS,Sin autor,659.0
LIGIE 2026: LEY DE LOS IMPUESTOS GENERALES DE IMPORTACION Y EXPORTACION,Sin autor,995.0
MATLAB FOR BEGINNERS: A GENTLE APPROACH (REVISED EDITION),Sin autor,768.0
REGIMEN LEGAL Y FISCAL DEL FIDEICOMISO 2026,Sin autor,690.0
ALGUIEN EN QUIEN ANIDAR,Sin autor,879.0
LEGISLACION PENAL DEL ESTADO DE MEXICO 2026 (ESENCIAL),Sin autor,340.0
LA FUERZA VITAL DEL CIELO ANTERIOR,Sin autor,149.0
CODIGO DE COMERCIO 2026 - LEY GENERAL DE SOCIEDADES MERCANTILES (INCLUYE EBOOK),Sin autor,180.0
LIBRO CON 180 EJERCICIOS MENTALES COGNITIVOS PARA PERSONAS MAYORES,Sin autor,610.0
CODIGO FISCAL DE LA FEDERACION 2026 (BOLSILLO),Sin autor,180.0
INTELIGENCIA NATURAL,Sin autor,400.0
LEGISLACION FEDERAL LABORAL 2026 (ESPECIALIZADA),Sin autor,480.0
CODIGO PENAL DEL ESTADO DE MEXICO 2026 (BOLSILLO),Sin autor,140.0
ESTADISTICA BASICA APLICADA,Sin autor,679.0
PENSAMIENTO FILOSOFICO Y HUMANIDADES 2: LAS REFLEXIONES FILOSOFICAS SOBRE EL CONOCER,Sin autor,285.0
LEY GENERAL DE SOCIEDADES MERCANTILES 2026 (COMENTADA Y CORRELACIAONADA),Sin autor,450.0
"LEY GENERAL DE LOS DERECHOS DE NIÑAS, NIÑOS Y ADOLESCENTES 2026 (COMENTADA)",Sin autor,400.0
SAGA LOS BRIDGERTON - PAQUETE BOX SET (9 TOMOS),Sin autor,3125.0
LEGISLACION ADMINISTRATIVA DE LA CIUDAD DE MEXICO 2026 (ESPECIALIZADA),Sin autor,320.0
CODIGO DE COMERCIO 2026 (COMENTADO Y CORRELACIONADO),Sin autor,1000.0
PENSAMIENTO MATEMATICO 3 (NEM),Sin autor,259.0
LEGISLACION FISCAL 2026 (ESPECIALIZADA),Sin autor,450.0
LEGISLACION PENAL DE LA CIUDAD DE MEXICO 2026 (ESPECIALIZADA),Sin autor,480.0
LEY GENERAL DE MECANISMOS ALTERNATIVOS DE SOLUCION DE CONTROVERSIAS 2026: MATERIA CIVIL (COMENTADA Y CORRELACIONADA),Sin autor,350.0
COMO CALCULAR LAS PENSIONES QUE OTORGA EL IMSS 2026,Sin autor,999.0
JUICIO SUCESORIO INTESTAMENTARIO,Sin autor,340.0
LEY DEL SEGURO SOCIAL 2026 (BOLSILLO),Sin autor,150.0
MANUAL BASICO DE CONTABILIDAD: EL ARTE DE LA LOGICA CONTABLE,Sin autor,515.0
AGENDA 2026 (VARIOS MODELOS),Sin autor,72.0
EL MUNDO ILUMINADO,Sin autor,248.0
GUIA PRACTICA PARA INGRESO A BACHILLERATO 2026 (INCLUYE CUADERNO DE EJERCICIOS),Sin autor,520.0
PROGRAMACION Y USO DE LIBRERIAS EN R: HERRAMIENTAS DE ANALISIS Y VISUALIZACION DE DATOS,Sin autor,1790.0
ETICA NICOMAQUEA - POLITICA,Sin autor,235.0
PRONTUARIO TRIBUTARIO 2026 (PROFESIONAL),Sin autor,1199.0
DIRECTIONS B2 STUDENTS BOOK (INCLUDE RICHMOND LEARNING PLATFORM),Sin autor,825.0
LEGISLACION DE MOVILIDAD FEDERAL 2026 (REGLAMENTO DE TRANSITO EN CARRETERAS Y PUENTES FEDERALES),Sin autor,150.0
TEORIAS DE LA PERSONALIDAD,Sin autor,645.0
LEGISLACION DE MOVILIDAD DEL ESTADO DE MEXICO 2026 (REGLAMENTO DE TRANSITO),Sin autor,150.0
LA CHICA QUE NO ME DIJO SU NOMBRE,Sin autor,639.0
LEGISLACION DE MOVILIDAD DE LA CIUDAD DE MEXICO 2026 (CDMX) (REGLAMENTO DE TRANSITO),Sin autor,160.0
COMPLEJIDAD Y CAOS: UNA EXPLORACION ANTROPOLOGICA,Sin autor,1170.0
WHAT IF... IN THE COLLISION? (EDICION EN ESPAÑOL),Sin autor,649.0
"CIENCIAS NATURALES, EXPERIMENTALES Y TECNOLOGIA 1: INVITACION LA CIENCIA. NATURALEZA DE LA MATERIA (NEM)",Sin autor,270.0
PENSAMIENTO FILOSOFICO Y HUMANIDADES 2,Sin autor,200.0
AGENDA 2026 (ANILLADA),Sin autor,129.0
PENSAMIENTO MATEMATICO 3: PENSAMIENTO ALGEBRAICO E INTRODUCCION A GEOMETRIA PLANA (NEM),Sin autor,270.0
AGENDA 2026 (VINIPIEL),Sin autor,122.0
"LENGUA Y COMUNICACION 3: DESCRIBIR CULTURAS, APROPIARSE DE LAS PALABRAS (NEM)",Sin autor,270.0
PENSAMIENTO MATEMATICO 1: PENSAMIENTO ARITMETICO (NEM),Sin autor,270.0
LEY FEDERAL DE PROCEDIMIENTO ADMINISTRATIVO 2026 (COMENTADA Y CORRELACIONADA),Sin autor,350.0
CULTURA DIGITAL 1: CIUDADANIA DIGITAL (NEM),Sin autor,270.0
"CIENCIAS NATURALES, EXPERIMENTALES Y TECNOLOGIA 3: NUESTRO HOGAR. EL SISTEMA TERRESTRE (NEM)",Sin autor,270.0
LEGISLACION FEDERAL AMBIENTAL 2026 (ESPECIALIZADA),Sin autor,350.0
